PID,Question 1 (5.0 pts),Question 2 (6.0 pts),Question 3 (8.0 pts),Question 4 (6.0 pts),Question 5 (10.0 pts),Question 6 (6.0 pts),Question 7 (10.0 pts),Question 8 (6.0 pts),Question 9 (9.0 pts),Question 10 (10.0 pts),Question 11 (4.0 pts),Question 12 (7.0 pts)
A99432453,3.0,6.0,8.0,5.0,5.0,6.0,4.0,3.0,4.0,4.0,4.0,4.0
A99152420,5.0,6.0,8.0,5.0,10.0,6.0,9.0,6.0,4.0,10.0,4.0,5.0
A99892710,3.0,5.0,8.0,4.0,4.0,5.0,3.0,6.0,9.0,9.0,4.0,7.0
A99381181,,,,,,,,,,,,
A99990217,4.0,6.0,8.0,6.0,7.0,6.0,7.0,5.0,9.0,4.0,4.0,7.0
A99787562,5.0,6.0,8.0,6.0,10.0,6.0,10.0,6.0,9.0,10.0,4.0,7.0
A99676635,5.0,6.0,6.0,6.0,3.0,6.0,10.0,6.0,5.0,8.0,3.0,2.0
A99170745,2.0,6.0,7.0,4.0,9.0,6.0,7.0,2.0,1.0,10.0,1.0,7.0
A99991623,4.0,3.0,7.0,5.0,2.0,6.0,8.0,6.0,9.0,10.0,3.0,7.0
A99930150,5.0,3.0,8.0,6.0,10.0,5.0,6.0,6.0,9.0,7.0,4.0,7.0
A99512204,2.0,6.0,4.0,6.0,6.0,3.0,10.0,3.0,9.0,10.0,4.0,7.0
A99278317,5.0,6.0,8.0,3.0,10.0,6.0,10.0,5.0,6.0,4.0,3.0,7.0
A99509569,5.0,4.0,8.0,6.0,4.0,4.0,10.0,6.0,8.0,9.0,4.0,3.0
A99492512,5.0,6.0,5.0,6.0,10.0,6.0,8.0,6.0,9.0,9.0,4.0,4.0
A99285686,5.0,4.0,8.0,6.0,6.0,4.0,10.0,6.0,9.0,9.0,4.0,6.0
A99219589,3.0,5.0,8.0,6.0,5.0,0.0,8.0,4.0,2.0,10.0,4.0,6.0
A99860540,5.0,6.0,5.0,6.0,10.0,6.0,10.0,6.0,9.0,7.0,4.0,7.0
A99006199,4.0,5.0,8.0,2.0,7.0,4.0,6.0,3.0,6.0,3.0,1.0,7.0
A99589329,5.0,6.0,5.0,6.0,8.0,4.0,10.0,4.0,7.0,5.0,4.0,6.0
A99101160,5.0,6.0,8.0,6.0,10.0,6.0,9.0,6.0,9.0,10.0,4.0,7.0
A99772496,5.0,6.0,8.0,6.0,9.0,5.0,10.0,6.0,9.0,9.0,4.0,4.0
A99465192,5.0,6.0,8.0,6.0,10.0,6.0,10.0,6.0,9.0,8.0,4.0,7.0
A99659593,5.0,6.0,7.0,5.0,10.0,6.0,6.0,6.0,9.0,5.0,4.0,3.0
A99675706,5.0,5.0,7.0,3.0,8.0,5.0,10.0,6.0,9.0,8.0,3.0,5.0
A99293363,5.0,6.0,7.0,5.0,4.0,6.0,7.0,6.0,9.0,9.0,4.0,5.0
A99715029,5.0,6.0,8.0,6.0,10.0,6.0,10.0,6.0,9.0,10.0,4.0,7.0
A99226067,2.0,2.0,6.0,4.0,2.0,5.0,7.0,3.0,9.0,6.0,4.0,7.0
A99059458,2.0,6.0,6.0,5.0,6.0,6.0,6.0,4.0,9.0,3.0,3.0,7.0
A99305717,2.0,3.0,5.0,2.0,10.0,5.0,9.0,6.0,9.0,4.0,3.0,4.0
A99690544,5.0,6.0,8.0,6.0,8.0,6.0,7.0,5.0,5.0,10.0,4.0,4.0
A99656504,1.0,5.0,6.0,6.0,9.0,6.0,6.0,4.0,8.0,3.0,4.0,7.0
A99413193,4.0,5.0,8.0,2.0,10.0,6.0,9.0,6.0,9.0,1.0,3.0,7.0
A99217669,5.0,5.0,8.0,6.0,7.0,5.0,8.0,6.0,9.0,10.0,4.0,6.0
A99264628,5.0,6.0,8.0,6.0,10.0,6.0,9.0,6.0,9.0,10.0,4.0,7.0
A99453860,5.0,4.0,6.0,6.0,8.0,3.0,10.0,6.0,9.0,7.0,4.0,2.0
A99718544,5.0,6.0,8.0,6.0,7.0,6.0,9.0,6.0,9.0,10.0,4.0,7.0
A99473561,2.0,0.0,0.0,1.0,5.0,6.0,7.0,2.0,6.0,10.0,3.0,7.0
A99709028,2.0,5.0,8.0,6.0,7.0,5.0,10.0,6.0,5.0,10.0,3.0,7.0
A99659024,3.0,4.0,5.0,6.0,7.0,6.0,7.0,6.0,9.0,10.0,4.0,7.0
A99565442,5.0,6.0,5.0,4.0,10.0,4.0,6.0,6.0,9.0,5.0,4.0,5.0
A99538160,5.0,6.0,6.0,6.0,3.0,4.0,3.0,5.0,8.0,2.0,1.0,2.0
A99600090,5.0,6.0,5.0,6.0,5.0,6.0,6.0,6.0,9.0,10.0,4.0,6.0
A99575910,5.0,6.0,7.0,5.0,10.0,6.0,9.0,6.0,6.0,10.0,4.0,7.0
A99653420,5.0,6.0,8.0,6.0,10.0,6.0,10.0,6.0,9.0,9.0,4.0,7.0
A99357022,5.0,6.0,8.0,6.0,6.0,6.0,10.0,6.0,7.0,10.0,4.0,5.0
A99505703,4.0,6.0,2.0,3.0,4.0,6.0,2.0,6.0,6.0,10.0,4.0,7.0
A99536906,5.0,6.0,8.0,6.0,10.0,6.0,8.0,6.0,9.0,10.0,4.0,5.0
A99453518,5.0,5.0,8.0,6.0,7.0,5.0,5.0,5.0,5.0,9.0,4.0,7.0
A99026712,3.0,6.0,5.0,5.0,5.0,6.0,10.0,6.0,9.0,7.0,3.0,4.0
A99399192,5.0,6.0,6.0,6.0,10.0,6.0,9.0,6.0,9.0,10.0,4.0,7.0
A99464434,5.0,5.0,8.0,6.0,10.0,5.0,10.0,6.0,4.0,7.0,4.0,6.0
A99158278,4.0,6.0,8.0,6.0,2.0,6.0,9.0,4.0,3.0,5.0,4.0,7.0
A99811275,5.0,6.0,8.0,6.0,4.0,3.0,5.0,6.0,9.0,4.0,4.0,7.0
A99354539,4.0,6.0,3.0,5.0,8.0,6.0,7.0,6.0,9.0,6.0,4.0,6.0
A99152955,5.0,5.0,8.0,6.0,10.0,5.0,10.0,6.0,9.0,9.0,4.0,7.0
A99120173,5.0,6.0,5.0,6.0,7.0,6.0,9.0,6.0,7.0,10.0,4.0,7.0
A99688028,5.0,6.0,8.0,6.0,7.0,6.0,10.0,6.0,7.0,10.0,4.0,7.0
A99678684,5.0,6.0,8.0,6.0,10.0,6.0,9.0,6.0,9.0,10.0,4.0,7.0
A99604013,3.0,5.0,8.0,4.0,4.0,5.0,3.0,6.0,9.0,10.0,4.0,7.0
A99625175,3.0,1.0,8.0,5.0,9.0,6.0,10.0,1.0,7.0,1.0,2.0,4.0
A99451838,5.0,5.0,3.0,6.0,10.0,6.0,6.0,6.0,9.0,5.0,4.0,7.0
A99524149,5.0,6.0,8.0,6.0,5.0,6.0,10.0,6.0,9.0,7.0,4.0,7.0
A99484975,4.0,6.0,8.0,5.0,5.0,3.0,6.0,6.0,9.0,10.0,2.0,7.0
A99850135,4.0,2.0,8.0,6.0,2.0,5.0,8.0,5.0,7.0,7.0,2.0,5.0
A99328319,5.0,3.0,8.0,6.0,5.0,3.0,5.0,5.0,8.0,10.0,2.0,4.0
A99922626,5.0,3.0,6.0,5.0,10.0,6.0,6.0,6.0,9.0,10.0,4.0,7.0
A99031942,5.0,6.0,5.0,6.0,10.0,6.0,7.0,6.0,3.0,10.0,4.0,5.0
A99610080,5.0,6.0,4.0,5.0,8.0,6.0,8.0,5.0,8.0,7.0,4.0,7.0
A99976381,5.0,6.0,8.0,6.0,8.0,6.0,10.0,6.0,9.0,7.0,4.0,7.0
A99467853,,,,,,,,,,,,
A99734921,3.0,5.0,8.0,4.0,7.0,4.0,7.0,6.0,6.0,3.0,4.0,5.0
A99121073,5.0,6.0,8.0,6.0,6.0,6.0,10.0,6.0,3.0,5.0,3.0,7.0
A99741577,2.0,4.0,8.0,2.0,0.0,2.0,6.0,4.0,9.0,8.0,1.0,1.0
A99853966,5.0,6.0,6.0,6.0,8.0,6.0,10.0,4.0,9.0,5.0,4.0,6.0
A99351423,5.0,6.0,8.0,6.0,10.0,6.0,7.0,6.0,9.0,6.0,4.0,4.0
A99600940,5.0,2.0,3.0,6.0,3.0,5.0,10.0,4.0,9.0,7.0,4.0,7.0
A99087453,4.0,6.0,8.0,5.0,3.0,5.0,8.0,6.0,9.0,10.0,3.0,3.0
A99915282,5.0,6.0,8.0,6.0,7.0,3.0,10.0,3.0,9.0,8.0,4.0,3.0
A99747041,5.0,6.0,8.0,6.0,10.0,6.0,10.0,6.0,7.0,10.0,4.0,7.0
A99302544,5.0,6.0,7.0,6.0,4.0,6.0,10.0,6.0,8.0,10.0,4.0,7.0
A99479030,5.0,6.0,6.0,6.0,8.0,6.0,3.0,4.0,4.0,4.0,2.0,3.0
A99337484,5.0,6.0,8.0,6.0,10.0,5.0,6.0,6.0,7.0,9.0,4.0,7.0
A99311132,5.0,4.0,6.0,6.0,7.0,6.0,8.0,6.0,5.0,10.0,4.0,7.0
A99828360,5.0,5.0,7.0,6.0,8.0,6.0,10.0,6.0,4.0,3.0,4.0,5.0
A99275005,3.0,6.0,3.0,4.0,10.0,4.0,10.0,6.0,9.0,5.0,4.0,5.0
A99477620,5.0,6.0,6.0,6.0,7.0,6.0,6.0,6.0,9.0,9.0,4.0,7.0
A99928159,5.0,5.0,4.0,4.0,10.0,6.0,10.0,6.0,9.0,10.0,4.0,4.0
A99041528,5.0,6.0,8.0,6.0,10.0,6.0,10.0,6.0,9.0,7.0,4.0,7.0
A99077511,5.0,4.0,2.0,6.0,10.0,6.0,5.0,6.0,9.0,5.0,4.0,7.0
A99971953,3.0,3.0,8.0,5.0,4.0,4.0,10.0,3.0,3.0,6.0,4.0,6.0
A99177632,5.0,6.0,8.0,6.0,7.0,2.0,10.0,5.0,3.0,10.0,4.0,7.0
A99401601,5.0,6.0,8.0,6.0,5.0,6.0,10.0,6.0,7.0,10.0,4.0,5.0
A99427118,3.0,6.0,2.0,4.0,4.0,6.0,3.0,4.0,8.0,10.0,3.0,7.0
A99705260,5.0,6.0,7.0,6.0,7.0,6.0,8.0,6.0,8.0,8.0,4.0,7.0
A99532389,5.0,5.0,8.0,6.0,8.0,5.0,7.0,4.0,7.0,4.0,4.0,7.0
A99645522,5.0,3.0,8.0,4.0,10.0,6.0,6.0,6.0,4.0,6.0,4.0,7.0
A99813051,5.0,6.0,8.0,6.0,9.0,6.0,10.0,6.0,4.0,10.0,4.0,6.0
A99471668,5.0,6.0,8.0,6.0,10.0,6.0,10.0,6.0,9.0,10.0,4.0,7.0
A99653302,5.0,6.0,6.0,6.0,3.0,6.0,10.0,5.0,4.0,8.0,3.0,2.0
A99090510,5.0,2.0,8.0,6.0,5.0,1.0,2.0,6.0,9.0,0.0,1.0,0.0
A99547146,5.0,5.0,8.0,6.0,6.0,6.0,4.0,6.0,8.0,10.0,4.0,7.0
A99833505,5.0,3.0,6.0,6.0,3.0,6.0,5.0,3.0,6.0,4.0,4.0,2.0
A99515635,5.0,1.0,5.0,2.0,3.0,6.0,1.0,6.0,5.0,9.0,4.0,7.0
A99306724,3.0,5.0,3.0,5.0,3.0,6.0,6.0,4.0,9.0,3.0,4.0,7.0
A99599711,4.0,5.0,8.0,6.0,10.0,6.0,6.0,6.0,9.0,6.0,4.0,6.0
A99088040,4.0,3.0,1.0,2.0,10.0,4.0,10.0,6.0,9.0,10.0,2.0,3.0
A99393779,2.0,2.0,5.0,2.0,10.0,6.0,6.0,3.0,6.0,3.0,3.0,7.0
A99541515,5.0,6.0,8.0,6.0,6.0,6.0,9.0,5.0,2.0,9.0,2.0,4.0
A99432491,5.0,5.0,8.0,4.0,8.0,5.0,9.0,6.0,4.0,9.0,4.0,5.0
A99215099,5.0,6.0,8.0,6.0,10.0,6.0,10.0,6.0,9.0,8.0,4.0,7.0
A99895917,5.0,5.0,8.0,6.0,8.0,6.0,8.0,5.0,8.0,5.0,4.0,7.0
A99069397,5.0,4.0,4.0,6.0,6.0,4.0,3.0,6.0,9.0,10.0,4.0,6.0
A99871576,4.0,6.0,4.0,4.0,10.0,5.0,7.0,6.0,5.0,10.0,3.0,7.0
A99146887,5.0,5.0,8.0,6.0,10.0,6.0,7.0,6.0,6.0,9.0,4.0,7.0
A99142126,4.0,6.0,8.0,6.0,9.0,6.0,3.0,3.0,9.0,9.0,4.0,7.0
A99159214,5.0,5.0,8.0,6.0,7.0,6.0,5.0,6.0,8.0,10.0,4.0,6.0
A99078383,4.0,6.0,8.0,5.0,5.0,6.0,4.0,4.0,5.0,5.0,4.0,5.0
A99704673,5.0,6.0,8.0,6.0,8.0,6.0,6.0,6.0,6.0,10.0,4.0,7.0
A99268867,5.0,6.0,8.0,6.0,10.0,6.0,10.0,6.0,9.0,10.0,4.0,7.0
A99941362,5.0,1.0,2.0,5.0,4.0,2.0,1.0,6.0,9.0,10.0,2.0,3.0
A99354806,4.0,6.0,5.0,6.0,10.0,5.0,7.0,6.0,9.0,10.0,4.0,7.0
A99877522,5.0,6.0,4.0,4.0,8.0,6.0,7.0,6.0,9.0,4.0,4.0,7.0
A99977901,4.0,4.0,8.0,5.0,9.0,2.0,8.0,1.0,9.0,10.0,0.0,6.0
A99994501,5.0,2.0,8.0,6.0,10.0,6.0,10.0,2.0,8.0,2.0,3.0,6.0
A99671971,2.0,6.0,4.0,6.0,10.0,5.0,7.0,6.0,8.0,6.0,3.0,7.0
A99368029,5.0,6.0,6.0,6.0,3.0,6.0,3.0,6.0,9.0,7.0,4.0,4.0
A99156116,4.0,4.0,4.0,6.0,1.0,6.0,10.0,5.0,4.0,8.0,4.0,6.0
A99054168,5.0,3.0,8.0,4.0,8.0,5.0,8.0,3.0,9.0,10.0,3.0,7.0
A99326575,5.0,5.0,8.0,4.0,10.0,4.0,7.0,6.0,9.0,5.0,4.0,4.0
A99822771,4.0,6.0,8.0,3.0,10.0,4.0,10.0,6.0,9.0,10.0,4.0,7.0
A99581452,5.0,6.0,8.0,6.0,10.0,6.0,10.0,6.0,9.0,10.0,4.0,7.0
A99396913,5.0,6.0,8.0,6.0,10.0,6.0,10.0,6.0,9.0,10.0,4.0,7.0
A99076268,5.0,6.0,8.0,6.0,6.0,6.0,9.0,6.0,9.0,7.0,4.0,5.0
A99718695,3.0,6.0,8.0,6.0,10.0,6.0,10.0,6.0,9.0,5.0,4.0,7.0
A99356598,5.0,5.0,8.0,5.0,6.0,6.0,4.0,6.0,8.0,10.0,4.0,7.0
A99446073,4.0,3.0,5.0,5.0,3.0,3.0,10.0,4.0,8.0,3.0,4.0,7.0
A99591842,5.0,4.0,5.0,6.0,5.0,6.0,5.0,4.0,9.0,8.0,4.0,7.0
A99955905,4.0,6.0,4.0,5.0,10.0,5.0,7.0,6.0,5.0,10.0,3.0,7.0
A99761150,5.0,5.0,8.0,6.0,5.0,6.0,8.0,6.0,6.0,7.0,4.0,7.0
A99404117,5.0,6.0,8.0,6.0,10.0,6.0,10.0,6.0,9.0,6.0,4.0,7.0
A99531845,5.0,5.0,8.0,6.0,9.0,5.0,10.0,6.0,8.0,5.0,4.0,5.0
A99425223,5.0,4.0,8.0,4.0,8.0,5.0,9.0,6.0,4.0,8.0,4.0,4.0
A99432920,5.0,6.0,5.0,5.0,10.0,4.0,10.0,6.0,5.0,6.0,4.0,7.0
A99368334,3.0,6.0,8.0,6.0,7.0,6.0,7.0,5.0,9.0,4.0,4.0,7.0
A99218475,4.0,6.0,8.0,6.0,8.0,5.0,3.0,4.0,6.0,7.0,4.0,7.0
A99133973,5.0,6.0,7.0,6.0,7.0,6.0,10.0,6.0,8.0,6.0,4.0,5.0
A99570934,5.0,6.0,8.0,6.0,10.0,6.0,10.0,6.0,5.0,5.0,4.0,7.0
A99198021,5.0,3.0,5.0,5.0,10.0,6.0,10.0,5.0,9.0,4.0,4.0,7.0
A99119476,5.0,6.0,6.0,6.0,10.0,6.0,10.0,6.0,5.0,10.0,4.0,7.0
A99678484,5.0,6.0,7.0,6.0,9.0,6.0,4.0,6.0,4.0,10.0,4.0,5.0
A99673095,5.0,6.0,8.0,6.0,9.0,6.0,9.0,6.0,7.0,10.0,4.0,7.0
A99073025,5.0,4.0,7.0,6.0,4.0,6.0,7.0,5.0,8.0,6.0,4.0,3.0
A99488919,5.0,6.0,8.0,6.0,10.0,6.0,9.0,6.0,9.0,8.0,4.0,7.0
A99918886,5.0,6.0,8.0,6.0,9.0,6.0,10.0,6.0,9.0,10.0,4.0,7.0
A99521785,4.0,1.0,7.0,1.0,7.0,6.0,10.0,6.0,1.0,7.0,2.0,7.0
A99975877,5.0,6.0,5.0,6.0,10.0,3.0,10.0,5.0,5.0,6.0,4.0,2.0
A99883254,5.0,6.0,8.0,6.0,10.0,6.0,10.0,6.0,4.0,10.0,4.0,7.0
A99803516,5.0,2.0,8.0,6.0,4.0,2.0,5.0,5.0,8.0,10.0,1.0,3.0
A99725232,5.0,6.0,8.0,6.0,10.0,6.0,10.0,6.0,9.0,10.0,4.0,7.0
A99694766,5.0,6.0,4.0,3.0,8.0,4.0,4.0,6.0,9.0,3.0,4.0,1.0
A99392053,5.0,5.0,3.0,6.0,10.0,6.0,5.0,6.0,8.0,6.0,4.0,7.0
A99563587,4.0,6.0,3.0,4.0,5.0,6.0,3.0,6.0,6.0,10.0,4.0,7.0
A99183358,5.0,6.0,6.0,4.0,9.0,5.0,5.0,6.0,9.0,4.0,4.0,2.0
A99611484,5.0,6.0,8.0,6.0,10.0,4.0,10.0,6.0,9.0,5.0,4.0,5.0
A99336610,5.0,6.0,5.0,6.0,6.0,6.0,9.0,6.0,9.0,5.0,4.0,7.0
A99899251,3.0,6.0,4.0,6.0,10.0,5.0,7.0,6.0,8.0,6.0,4.0,7.0
A99713530,5.0,4.0,6.0,6.0,4.0,4.0,10.0,5.0,9.0,4.0,4.0,7.0
A99903882,5.0,6.0,8.0,6.0,9.0,4.0,5.0,6.0,9.0,9.0,4.0,7.0
A99583699,5.0,6.0,8.0,6.0,9.0,6.0,10.0,6.0,9.0,10.0,4.0,7.0
A99384291,5.0,3.0,5.0,6.0,8.0,3.0,9.0,5.0,9.0,7.0,4.0,7.0
A99434139,5.0,6.0,8.0,6.0,10.0,6.0,10.0,6.0,9.0,10.0,4.0,7.0
A99237411,4.0,3.0,8.0,6.0,10.0,2.0,10.0,6.0,8.0,4.0,4.0,6.0
A99509446,5.0,4.0,7.0,6.0,6.0,5.0,4.0,6.0,7.0,10.0,4.0,5.0
A99272538,1.0,3.0,1.0,6.0,10.0,4.0,4.0,4.0,9.0,5.0,2.0,0.0
A99277895,4.0,6.0,6.0,6.0,7.0,6.0,6.0,3.0,6.0,8.0,3.0,7.0
A99622000,5.0,6.0,5.0,6.0,5.0,4.0,8.0,3.0,5.0,10.0,3.0,7.0
A99578480,5.0,6.0,7.0,6.0,10.0,6.0,10.0,6.0,6.0,10.0,4.0,5.0
A99149255,5.0,6.0,6.0,6.0,10.0,5.0,10.0,6.0,9.0,8.0,4.0,7.0
A99230041,4.0,6.0,8.0,3.0,10.0,6.0,5.0,5.0,9.0,5.0,4.0,6.0
A99339034,2.0,6.0,6.0,5.0,7.0,4.0,2.0,3.0,5.0,6.0,4.0,6.0
A99729300,5.0,6.0,8.0,6.0,10.0,6.0,7.0,6.0,9.0,6.0,4.0,6.0
A99712347,5.0,4.0,4.0,6.0,4.0,6.0,10.0,5.0,9.0,8.0,4.0,7.0
A99985778,5.0,3.0,8.0,6.0,3.0,6.0,9.0,6.0,8.0,7.0,3.0,6.0
A99487159,5.0,6.0,6.0,6.0,6.0,6.0,10.0,6.0,9.0,6.0,4.0,7.0
A99185365,5.0,6.0,7.0,6.0,8.0,6.0,4.0,5.0,9.0,10.0,3.0,5.0
A99675787,5.0,6.0,8.0,4.0,7.0,6.0,3.0,6.0,9.0,4.0,4.0,7.0
A99871763,5.0,6.0,2.0,6.0,6.0,4.0,5.0,4.0,8.0,7.0,4.0,5.0
A99318825,5.0,6.0,8.0,6.0,10.0,6.0,10.0,6.0,9.0,5.0,4.0,7.0
A99394122,5.0,5.0,8.0,6.0,10.0,6.0,6.0,6.0,9.0,8.0,4.0,6.0
A99254768,5.0,6.0,8.0,6.0,7.0,2.0,9.0,3.0,9.0,8.0,4.0,3.0
A99014767,5.0,6.0,8.0,6.0,5.0,6.0,10.0,6.0,9.0,3.0,4.0,7.0
A99071510,3.0,5.0,8.0,3.0,1.0,3.0,6.0,4.0,9.0,8.0,2.0,2.0
A99407199,3.0,6.0,2.0,5.0,8.0,6.0,6.0,6.0,8.0,5.0,4.0,5.0
A99051778,5.0,3.0,4.0,3.0,5.0,5.0,10.0,3.0,9.0,10.0,4.0,7.0
A99505023,5.0,4.0,8.0,5.0,8.0,4.0,7.0,5.0,9.0,5.0,4.0,7.0
A99732298,5.0,4.0,3.0,6.0,10.0,6.0,6.0,6.0,9.0,5.0,4.0,7.0
A99835919,5.0,4.0,8.0,6.0,4.0,6.0,10.0,6.0,9.0,8.0,3.0,6.0
A99479714,2.0,6.0,8.0,6.0,6.0,6.0,4.0,6.0,9.0,10.0,3.0,7.0
A99392656,4.0,4.0,8.0,4.0,10.0,6.0,10.0,6.0,9.0,10.0,4.0,6.0
A99491048,5.0,5.0,8.0,6.0,5.0,6.0,8.0,6.0,6.0,7.0,4.0,7.0
A99038387,5.0,6.0,8.0,6.0,10.0,6.0,10.0,6.0,9.0,10.0,4.0,7.0
A99630954,5.0,3.0,8.0,2.0,8.0,4.0,6.0,6.0,9.0,4.0,4.0,2.0
A99955246,5.0,6.0,3.0,4.0,6.0,6.0,4.0,6.0,7.0,10.0,4.0,7.0
A99749431,5.0,6.0,8.0,5.0,10.0,6.0,7.0,6.0,5.0,10.0,4.0,7.0
A99835088,4.0,6.0,8.0,2.0,4.0,5.0,10.0,4.0,8.0,5.0,4.0,5.0
A99720730,5.0,6.0,8.0,6.0,9.0,3.0,7.0,6.0,5.0,5.0,4.0,5.0
A99537980,5.0,5.0,8.0,6.0,9.0,6.0,8.0,6.0,9.0,6.0,4.0,7.0
A99860066,5.0,6.0,6.0,6.0,10.0,5.0,10.0,6.0,5.0,6.0,4.0,7.0
A99663899,5.0,6.0,8.0,6.0,7.0,5.0,10.0,6.0,6.0,10.0,4.0,7.0
A99642988,5.0,6.0,8.0,6.0,9.0,6.0,9.0,6.0,8.0,6.0,4.0,7.0
A99460730,5.0,6.0,8.0,6.0,6.0,4.0,9.0,6.0,9.0,5.0,4.0,5.0
A99381333,5.0,6.0,8.0,6.0,8.0,4.0,4.0,6.0,5.0,7.0,4.0,7.0
A99855328,5.0,6.0,8.0,6.0,10.0,6.0,8.0,6.0,9.0,7.0,4.0,7.0
A99703408,5.0,4.0,6.0,6.0,9.0,6.0,10.0,4.0,8.0,7.0,4.0,6.0
A99408920,4.0,5.0,8.0,6.0,10.0,2.0,10.0,6.0,5.0,10.0,4.0,7.0
A99598252,5.0,5.0,8.0,6.0,4.0,6.0,10.0,6.0,2.0,4.0,1.0,7.0
A99291854,4.0,5.0,8.0,6.0,6.0,6.0,9.0,5.0,2.0,9.0,2.0,4.0
A99745042,5.0,6.0,8.0,6.0,10.0,6.0,8.0,6.0,9.0,7.0,4.0,7.0
A99965859,5.0,6.0,8.0,6.0,8.0,6.0,9.0,6.0,9.0,9.0,4.0,7.0
A99129455,3.0,6.0,8.0,5.0,4.0,4.0,10.0,2.0,6.0,10.0,2.0,5.0
A99440253,5.0,6.0,8.0,5.0,5.0,1.0,8.0,2.0,8.0,7.0,4.0,2.0
A99447514,5.0,6.0,8.0,4.0,6.0,6.0,9.0,6.0,5.0,10.0,4.0,7.0
A99241737,5.0,6.0,8.0,6.0,10.0,6.0,10.0,6.0,9.0,9.0,4.0,7.0
A99282192,5.0,6.0,8.0,5.0,9.0,6.0,8.0,5.0,8.0,5.0,3.0,7.0
A99361565,5.0,6.0,5.0,6.0,8.0,4.0,8.0,6.0,9.0,10.0,4.0,7.0
A99483063,4.0,6.0,2.0,3.0,5.0,6.0,6.0,3.0,6.0,5.0,4.0,7.0
A99717124,5.0,6.0,4.0,6.0,6.0,6.0,5.0,5.0,9.0,10.0,4.0,7.0
A99903355,5.0,6.0,8.0,3.0,5.0,6.0,10.0,5.0,8.0,5.0,4.0,5.0
A99379415,4.0,2.0,8.0,6.0,10.0,2.0,10.0,6.0,8.0,4.0,4.0,6.0
A99733449,5.0,5.0,8.0,6.0,10.0,6.0,9.0,6.0,9.0,5.0,4.0,7.0
A99033883,5.0,6.0,6.0,6.0,8.0,6.0,9.0,6.0,9.0,10.0,4.0,7.0
A99434027,4.0,4.0,8.0,6.0,4.0,6.0,9.0,4.0,9.0,8.0,4.0,7.0
A99234372,5.0,4.0,8.0,5.0,10.0,6.0,6.0,6.0,5.0,8.0,4.0,7.0
A99846618,5.0,5.0,8.0,6.0,4.0,5.0,10.0,6.0,9.0,6.0,4.0,7.0
A99999789,5.0,6.0,8.0,6.0,10.0,6.0,7.0,6.0,9.0,10.0,4.0,7.0
A99580574,5.0,4.0,6.0,6.0,9.0,3.0,10.0,6.0,9.0,8.0,4.0,7.0
A99669980,4.0,5.0,4.0,2.0,10.0,2.0,4.0,4.0,9.0,3.0,4.0,3.0
A99573583,5.0,6.0,8.0,6.0,9.0,6.0,4.0,5.0,7.0,9.0,4.0,7.0
A99269295,,,,,,,,,,,,
A99331153,5.0,6.0,8.0,5.0,10.0,2.0,5.0,6.0,3.0,8.0,1.0,1.0
A99915605,5.0,3.0,7.0,4.0,9.0,6.0,4.0,6.0,8.0,4.0,4.0,7.0
A99067910,5.0,5.0,7.0,6.0,10.0,5.0,9.0,6.0,9.0,4.0,4.0,4.0
A99075184,3.0,4.0,8.0,6.0,10.0,6.0,5.0,4.0,9.0,5.0,4.0,5.0
A99453874,5.0,5.0,8.0,6.0,5.0,5.0,10.0,4.0,4.0,7.0,4.0,7.0
A99861848,5.0,6.0,8.0,4.0,10.0,6.0,10.0,5.0,6.0,4.0,4.0,7.0
A99060338,5.0,6.0,8.0,6.0,4.0,5.0,9.0,5.0,9.0,3.0,4.0,7.0
A99853534,5.0,5.0,8.0,6.0,9.0,5.0,10.0,6.0,8.0,5.0,4.0,5.0
A99055110,4.0,6.0,5.0,6.0,9.0,3.0,8.0,4.0,4.0,10.0,2.0,2.0
A99695471,5.0,6.0,8.0,6.0,9.0,6.0,6.0,6.0,7.0,5.0,4.0,5.0
A99881759,,,,,,,,,,,,
A99296216,5.0,6.0,7.0,6.0,9.0,6.0,5.0,6.0,9.0,10.0,4.0,5.0
A99258671,4.0,5.0,7.0,6.0,7.0,6.0,8.0,6.0,7.0,7.0,4.0,6.0
A99833033,2.0,4.0,8.0,6.0,7.0,6.0,5.0,6.0,3.0,10.0,4.0,7.0
A99772423,5.0,6.0,8.0,6.0,5.0,6.0,8.0,6.0,8.0,10.0,4.0,7.0
A99329157,5.0,6.0,8.0,6.0,10.0,6.0,10.0,6.0,7.0,6.0,4.0,7.0
A99970560,5.0,4.0,7.0,5.0,5.0,6.0,5.0,6.0,9.0,7.0,4.0,4.0
A99073327,5.0,6.0,8.0,6.0,9.0,4.0,10.0,6.0,9.0,6.0,4.0,7.0
A99385185,3.0,5.0,8.0,4.0,2.0,4.0,7.0,5.0,9.0,9.0,2.0,2.0
A99622715,4.0,2.0,6.0,5.0,4.0,6.0,10.0,6.0,9.0,2.0,4.0,7.0
A99354724,5.0,6.0,8.0,6.0,8.0,6.0,10.0,6.0,9.0,6.0,4.0,6.0
A99657248,5.0,3.0,8.0,6.0,2.0,2.0,8.0,5.0,6.0,7.0,3.0,2.0
A99856805,4.0,6.0,8.0,5.0,7.0,4.0,10.0,6.0,7.0,8.0,4.0,4.0
A99955501,2.0,6.0,3.0,5.0,10.0,5.0,7.0,6.0,8.0,6.0,3.0,7.0
A99243568,5.0,6.0,6.0,6.0,10.0,4.0,5.0,6.0,9.0,10.0,4.0,7.0
A99314089,5.0,6.0,8.0,6.0,6.0,4.0,10.0,6.0,5.0,9.0,4.0,6.0
A99142019,5.0,6.0,7.0,6.0,10.0,6.0,10.0,6.0,9.0,10.0,4.0,7.0
A99255038,5.0,6.0,4.0,4.0,8.0,6.0,7.0,6.0,9.0,4.0,4.0,7.0
A99692599,5.0,6.0,8.0,6.0,10.0,5.0,10.0,6.0,9.0,8.0,4.0,7.0
A99803382,5.0,6.0,8.0,6.0,8.0,6.0,7.0,6.0,8.0,7.0,4.0,7.0
A99611845,4.0,6.0,8.0,6.0,10.0,4.0,6.0,4.0,6.0,5.0,3.0,7.0
A99214049,5.0,6.0,8.0,6.0,10.0,6.0,10.0,6.0,6.0,10.0,4.0,7.0
A99177849,5.0,6.0,8.0,5.0,10.0,6.0,6.0,6.0,4.0,10.0,4.0,7.0
A99166536,3.0,6.0,7.0,5.0,10.0,6.0,5.0,4.0,6.0,9.0,3.0,4.0
A99680761,4.0,2.0,8.0,6.0,2.0,5.0,8.0,6.0,8.0,7.0,2.0,5.0
A99789220,4.0,6.0,4.0,6.0,10.0,6.0,6.0,6.0,9.0,7.0,4.0,3.0
A99213547,5.0,6.0,8.0,6.0,6.0,6.0,10.0,6.0,9.0,10.0,4.0,6.0
A99812803,3.0,1.0,7.0,5.0,10.0,4.0,5.0,6.0,8.0,6.0,3.0,7.0
A99958924,4.0,6.0,8.0,6.0,7.0,2.0,10.0,6.0,8.0,4.0,4.0,7.0
A99832436,4.0,6.0,4.0,6.0,4.0,6.0,8.0,5.0,9.0,4.0,4.0,7.0
A99743631,5.0,6.0,8.0,6.0,9.0,6.0,9.0,6.0,8.0,6.0,4.0,7.0
A99578283,5.0,5.0,5.0,4.0,8.0,4.0,10.0,6.0,3.0,3.0,3.0,5.0
A99739120,5.0,6.0,7.0,6.0,9.0,6.0,10.0,5.0,9.0,10.0,4.0,4.0
A99871150,5.0,6.0,6.0,6.0,7.0,6.0,10.0,6.0,9.0,10.0,4.0,7.0
A99631007,3.0,6.0,8.0,6.0,9.0,6.0,3.0,3.0,9.0,8.0,4.0,7.0
A99489712,4.0,6.0,8.0,5.0,4.0,3.0,10.0,6.0,4.0,8.0,4.0,5.0
A99823582,5.0,6.0,8.0,6.0,10.0,6.0,8.0,6.0,9.0,10.0,4.0,4.0
A99764895,2.0,5.0,8.0,6.0,5.0,6.0,6.0,5.0,8.0,7.0,4.0,7.0
A99241375,5.0,5.0,8.0,6.0,9.0,5.0,10.0,6.0,8.0,4.0,4.0,4.0
A99755345,5.0,6.0,4.0,6.0,6.0,6.0,6.0,6.0,9.0,10.0,4.0,7.0
A99485341,5.0,6.0,3.0,4.0,10.0,3.0,8.0,6.0,3.0,4.0,3.0,7.0
A99821878,4.0,6.0,5.0,6.0,4.0,6.0,6.0,6.0,9.0,9.0,4.0,7.0
A99441989,3.0,4.0,8.0,1.0,8.0,5.0,7.0,5.0,9.0,0.0,2.0,6.0
A99777720,2.0,2.0,5.0,2.0,10.0,6.0,5.0,3.0,6.0,3.0,3.0,7.0
A99084758,5.0,3.0,6.0,5.0,6.0,3.0,5.0,2.0,5.0,2.0,4.0,7.0
A99400672,5.0,2.0,6.0,6.0,2.0,6.0,10.0,4.0,9.0,4.0,3.0,7.0
A99160629,5.0,4.0,6.0,6.0,5.0,4.0,10.0,5.0,9.0,4.0,4.0,7.0
A99139315,5.0,6.0,8.0,6.0,6.0,3.0,9.0,6.0,9.0,5.0,4.0,5.0
A99916894,2.0,1.0,8.0,5.0,10.0,1.0,10.0,6.0,7.0,3.0,4.0,4.0
A99442125,5.0,6.0,6.0,6.0,7.0,6.0,6.0,3.0,6.0,8.0,3.0,7.0
A99797850,5.0,6.0,7.0,6.0,9.0,6.0,10.0,5.0,9.0,9.0,4.0,3.0
A99016187,5.0,3.0,8.0,6.0,2.0,2.0,8.0,5.0,6.0,7.0,3.0,2.0
A99908671,5.0,6.0,8.0,5.0,6.0,6.0,8.0,6.0,9.0,10.0,4.0,6.0
A99433718,5.0,5.0,8.0,6.0,4.0,6.0,10.0,6.0,1.0,3.0,1.0,7.0
A99895960,3.0,6.0,8.0,6.0,8.0,6.0,2.0,2.0,9.0,7.0,3.0,7.0
A99804308,5.0,3.0,8.0,6.0,10.0,5.0,6.0,6.0,9.0,7.0,4.0,7.0
A99721450,5.0,4.0,5.0,6.0,7.0,5.0,4.0,6.0,9.0,10.0,4.0,6.0
A99314573,5.0,4.0,7.0,6.0,10.0,4.0,10.0,6.0,9.0,8.0,4.0,7.0
A99592712,5.0,3.0,6.0,4.0,4.0,6.0,4.0,6.0,9.0,6.0,4.0,2.0
A99064431,5.0,6.0,8.0,6.0,10.0,6.0,7.0,6.0,6.0,10.0,4.0,7.0
A99422088,5.0,4.0,7.0,6.0,4.0,6.0,7.0,5.0,8.0,6.0,4.0,4.0
A99305019,5.0,4.0,8.0,4.0,10.0,6.0,5.0,6.0,5.0,8.0,4.0,7.0
A99293130,5.0,5.0,8.0,6.0,8.0,3.0,4.0,6.0,9.0,3.0,4.0,3.0
A99009847,2.0,6.0,6.0,4.0,10.0,6.0,4.0,3.0,5.0,8.0,4.0,1.0
A99654188,5.0,6.0,8.0,6.0,4.0,6.0,10.0,5.0,4.0,7.0,4.0,7.0
A99684231,5.0,6.0,8.0,6.0,10.0,6.0,9.0,6.0,9.0,8.0,4.0,7.0
A99681640,5.0,6.0,8.0,6.0,10.0,5.0,9.0,4.0,9.0,6.0,4.0,7.0
A99615956,5.0,2.0,6.0,4.0,1.0,2.0,10.0,6.0,9.0,10.0,3.0,3.0
A99707240,5.0,6.0,8.0,4.0,7.0,6.0,3.0,6.0,9.0,4.0,4.0,7.0
A99768653,5.0,6.0,8.0,6.0,7.0,6.0,5.0,6.0,9.0,10.0,4.0,7.0
A99318814,5.0,6.0,8.0,6.0,6.0,6.0,6.0,6.0,7.0,6.0,4.0,7.0
A99244880,,,,,,,,,,,,
A99466522,2.0,6.0,5.0,3.0,5.0,6.0,3.0,3.0,3.0,10.0,4.0,7.0
A99100461,5.0,6.0,3.0,4.0,7.0,6.0,8.0,4.0,7.0,6.0,4.0,7.0
A99348898,4.0,6.0,5.0,6.0,3.0,5.0,4.0,6.0,9.0,1.0,2.0,7.0
A99985858,3.0,6.0,8.0,6.0,8.0,3.0,4.0,5.0,9.0,7.0,4.0,7.0
A99616529,5.0,5.0,7.0,6.0,8.0,4.0,3.0,6.0,3.0,10.0,4.0,7.0
A99046837,5.0,5.0,8.0,6.0,5.0,5.0,10.0,6.0,9.0,10.0,4.0,6.0
A99999156,2.0,5.0,8.0,6.0,5.0,6.0,6.0,5.0,7.0,6.0,3.0,6.0
A99780069,4.0,6.0,8.0,6.0,8.0,6.0,8.0,6.0,9.0,5.0,4.0,7.0
A99754970,5.0,6.0,7.0,5.0,8.0,5.0,8.0,2.0,9.0,1.0,4.0,4.0
A99681733,5.0,6.0,8.0,4.0,6.0,6.0,10.0,6.0,9.0,7.0,4.0,6.0
A99943708,2.0,2.0,5.0,2.0,10.0,6.0,6.0,4.0,6.0,3.0,3.0,7.0
A99431965,5.0,5.0,8.0,6.0,5.0,6.0,8.0,6.0,7.0,8.0,4.0,7.0
A99725519,5.0,6.0,8.0,5.0,6.0,2.0,9.0,3.0,9.0,7.0,4.0,2.0
A99841774,4.0,6.0,8.0,6.0,9.0,4.0,8.0,6.0,9.0,5.0,4.0,4.0
A99902897,5.0,4.0,7.0,6.0,5.0,6.0,8.0,4.0,7.0,10.0,4.0,6.0
A99229067,4.0,2.0,8.0,1.0,7.0,6.0,10.0,6.0,1.0,7.0,2.0,7.0
A99445386,5.0,6.0,8.0,6.0,7.0,6.0,10.0,6.0,9.0,10.0,4.0,6.0
A99797507,5.0,6.0,8.0,6.0,10.0,6.0,10.0,6.0,9.0,10.0,4.0,7.0
A99895740,2.0,6.0,5.0,3.0,10.0,4.0,3.0,1.0,8.0,4.0,2.0,1.0
A99853510,3.0,3.0,7.0,5.0,3.0,6.0,9.0,4.0,9.0,7.0,4.0,7.0
A99149643,5.0,5.0,7.0,6.0,8.0,3.0,10.0,6.0,9.0,7.0,4.0,3.0
A99712869,5.0,6.0,8.0,6.0,9.0,6.0,10.0,6.0,9.0,10.0,4.0,7.0
A99630726,5.0,6.0,8.0,6.0,10.0,6.0,7.0,6.0,8.0,10.0,4.0,6.0
A99997380,2.0,3.0,5.0,2.0,10.0,4.0,4.0,3.0,9.0,10.0,1.0,7.0
A99523249,5.0,6.0,8.0,6.0,7.0,6.0,10.0,6.0,3.0,10.0,3.0,5.0
A99932709,5.0,6.0,2.0,6.0,6.0,4.0,6.0,5.0,8.0,7.0,4.0,5.0
A99073916,2.0,4.0,8.0,4.0,8.0,2.0,6.0,6.0,9.0,3.0,2.0,2.0
A99082089,5.0,6.0,8.0,5.0,6.0,6.0,10.0,6.0,9.0,7.0,4.0,7.0
A99904538,4.0,6.0,8.0,4.0,7.0,6.0,10.0,4.0,5.0,6.0,4.0,7.0
A99429160,4.0,6.0,6.0,6.0,7.0,6.0,10.0,6.0,9.0,8.0,4.0,5.0
A99890370,3.0,6.0,8.0,5.0,10.0,6.0,8.0,4.0,2.0,10.0,2.0,7.0
A99888821,5.0,4.0,3.0,3.0,2.0,5.0,10.0,6.0,5.0,7.0,3.0,7.0
A99508160,5.0,5.0,8.0,4.0,5.0,4.0,7.0,6.0,9.0,10.0,4.0,5.0
A99185804,5.0,5.0,7.0,5.0,3.0,3.0,5.0,6.0,9.0,8.0,4.0,2.0
A99950565,5.0,6.0,8.0,6.0,9.0,6.0,10.0,6.0,9.0,8.0,4.0,7.0
A99612659,5.0,6.0,8.0,6.0,9.0,6.0,9.0,6.0,7.0,10.0,4.0,7.0
A99214385,3.0,6.0,5.0,5.0,6.0,6.0,10.0,6.0,9.0,8.0,3.0,4.0
A99925394,5.0,6.0,7.0,4.0,6.0,6.0,5.0,2.0,9.0,7.0,4.0,5.0
A99596327,2.0,3.0,5.0,2.0,10.0,4.0,5.0,4.0,9.0,10.0,2.0,7.0
A99920012,5.0,5.0,8.0,6.0,5.0,6.0,10.0,6.0,9.0,7.0,4.0,7.0
A99406577,5.0,6.0,8.0,6.0,10.0,6.0,10.0,6.0,8.0,10.0,4.0,7.0
A99557354,5.0,3.0,4.0,5.0,9.0,4.0,10.0,6.0,3.0,7.0,4.0,3.0
A99222775,3.0,1.0,3.0,2.0,9.0,6.0,4.0,6.0,7.0,10.0,2.0,7.0
A99164432,5.0,6.0,8.0,6.0,10.0,6.0,8.0,6.0,9.0,9.0,4.0,7.0
A99150572,5.0,6.0,3.0,6.0,7.0,6.0,7.0,6.0,9.0,10.0,4.0,7.0
A99005866,5.0,6.0,8.0,6.0,10.0,6.0,10.0,6.0,8.0,10.0,4.0,7.0
A99016583,5.0,6.0,6.0,5.0,10.0,6.0,8.0,6.0,9.0,8.0,4.0,6.0
A99324445,3.0,6.0,4.0,6.0,10.0,5.0,7.0,6.0,8.0,7.0,4.0,7.0
A99620552,2.0,4.0,3.0,6.0,10.0,3.0,5.0,6.0,8.0,8.0,4.0,7.0
A99773945,5.0,6.0,8.0,6.0,9.0,6.0,8.0,6.0,5.0,10.0,4.0,4.0
A99501183,5.0,5.0,3.0,5.0,8.0,6.0,5.0,5.0,8.0,4.0,4.0,5.0
A99966530,5.0,4.0,8.0,3.0,10.0,6.0,10.0,6.0,4.0,10.0,4.0,7.0
A99863612,5.0,6.0,8.0,6.0,10.0,6.0,10.0,6.0,9.0,8.0,4.0,7.0
A99518994,,,,,,,,,,,,
A99367170,5.0,4.0,7.0,6.0,8.0,6.0,7.0,4.0,7.0,4.0,3.0,7.0
A99288102,5.0,6.0,5.0,6.0,10.0,6.0,7.0,6.0,3.0,10.0,4.0,5.0
A99425689,5.0,6.0,8.0,6.0,8.0,6.0,10.0,6.0,9.0,10.0,4.0,7.0
A99775269,5.0,6.0,8.0,4.0,9.0,6.0,8.0,5.0,8.0,4.0,2.0,7.0
A99433693,5.0,6.0,8.0,6.0,6.0,6.0,10.0,4.0,8.0,10.0,4.0,7.0
A99668602,5.0,2.0,0.0,5.0,9.0,5.0,4.0,6.0,7.0,3.0,4.0,7.0
A99929662,3.0,4.0,8.0,6.0,10.0,3.0,2.0,6.0,9.0,9.0,4.0,3.0
A99200920,5.0,6.0,7.0,6.0,10.0,6.0,10.0,6.0,8.0,10.0,4.0,7.0
A99556503,5.0,6.0,5.0,4.0,10.0,6.0,7.0,4.0,9.0,6.0,3.0,4.0
A99177000,5.0,6.0,7.0,6.0,5.0,6.0,10.0,6.0,8.0,10.0,4.0,7.0
A99592629,3.0,6.0,7.0,5.0,10.0,6.0,6.0,5.0,6.0,9.0,3.0,4.0
A99257552,4.0,1.0,8.0,5.0,10.0,6.0,10.0,2.0,8.0,2.0,3.0,5.0
A99765989,5.0,5.0,8.0,6.0,10.0,6.0,10.0,5.0,9.0,5.0,4.0,7.0
A99340665,3.0,4.0,8.0,1.0,9.0,6.0,8.0,6.0,9.0,1.0,3.0,7.0
A99108785,2.0,3.0,8.0,6.0,10.0,5.0,5.0,4.0,9.0,4.0,4.0,4.0
A99835113,5.0,6.0,6.0,6.0,10.0,5.0,10.0,5.0,4.0,10.0,4.0,7.0
A99313805,5.0,6.0,8.0,6.0,8.0,6.0,10.0,6.0,9.0,10.0,4.0,7.0
A99898124,5.0,6.0,6.0,6.0,7.0,6.0,7.0,6.0,9.0,10.0,4.0,7.0
A99592218,5.0,6.0,5.0,6.0,9.0,6.0,6.0,3.0,9.0,10.0,4.0,7.0
A99427381,5.0,6.0,8.0,6.0,9.0,6.0,10.0,6.0,5.0,4.0,4.0,6.0
A99467073,5.0,6.0,4.0,4.0,10.0,6.0,7.0,4.0,9.0,6.0,3.0,4.0
A99516490,5.0,6.0,8.0,5.0,3.0,4.0,6.0,6.0,9.0,9.0,4.0,3.0
A99954694,4.0,2.0,5.0,6.0,4.0,3.0,2.0,4.0,4.0,9.0,4.0,3.0
A99833850,5.0,6.0,8.0,6.0,5.0,2.0,7.0,6.0,9.0,3.0,3.0,4.0
A99320977,5.0,3.0,5.0,3.0,7.0,3.0,9.0,6.0,7.0,9.0,3.0,7.0
A99174829,5.0,6.0,7.0,5.0,4.0,6.0,8.0,6.0,9.0,10.0,4.0,5.0
A99151050,5.0,5.0,8.0,6.0,7.0,6.0,5.0,6.0,7.0,10.0,4.0,6.0
A99583638,5.0,5.0,5.0,6.0,7.0,5.0,4.0,6.0,9.0,10.0,4.0,7.0
A99808855,5.0,6.0,7.0,6.0,7.0,6.0,10.0,6.0,6.0,10.0,4.0,7.0
A99740147,3.0,5.0,3.0,5.0,7.0,2.0,9.0,2.0,1.0,9.0,2.0,5.0
A99470227,5.0,6.0,4.0,6.0,4.0,6.0,10.0,3.0,1.0,3.0,4.0,5.0
A99964440,5.0,4.0,5.0,6.0,4.0,6.0,10.0,5.0,9.0,8.0,4.0,7.0
A99706914,4.0,4.0,7.0,4.0,10.0,6.0,8.0,6.0,8.0,5.0,4.0,7.0
A99667178,5.0,6.0,8.0,5.0,9.0,6.0,10.0,6.0,5.0,10.0,4.0,6.0
A99187571,4.0,6.0,8.0,6.0,8.0,6.0,4.0,5.0,7.0,8.0,4.0,7.0
A99178586,4.0,6.0,8.0,6.0,7.0,2.0,10.0,5.0,3.0,10.0,4.0,7.0
A99784236,5.0,6.0,8.0,6.0,10.0,6.0,10.0,6.0,9.0,10.0,4.0,7.0
A99396393,5.0,6.0,7.0,6.0,9.0,6.0,10.0,6.0,5.0,4.0,4.0,6.0
A99154676,5.0,6.0,8.0,6.0,10.0,6.0,8.0,6.0,9.0,8.0,4.0,7.0
A99437421,5.0,6.0,8.0,6.0,9.0,6.0,10.0,6.0,5.0,7.0,4.0,7.0
A99065784,5.0,5.0,8.0,5.0,10.0,6.0,7.0,6.0,6.0,9.0,4.0,7.0
A99461345,5.0,6.0,8.0,6.0,10.0,6.0,6.0,6.0,6.0,7.0,4.0,4.0
A99906367,5.0,6.0,8.0,6.0,9.0,6.0,8.0,6.0,8.0,8.0,4.0,7.0
A99149241,3.0,2.0,8.0,5.0,10.0,1.0,10.0,6.0,7.0,3.0,4.0,5.0
A99932428,3.0,5.0,4.0,6.0,5.0,6.0,4.0,1.0,4.0,6.0,1.0,7.0
A99544353,4.0,5.0,7.0,4.0,10.0,6.0,6.0,5.0,9.0,10.0,3.0,7.0
A99445917,5.0,4.0,6.0,6.0,4.0,4.0,10.0,5.0,9.0,4.0,4.0,7.0
A99175271,5.0,6.0,8.0,6.0,10.0,6.0,10.0,6.0,9.0,10.0,4.0,7.0
A99230637,5.0,4.0,6.0,6.0,6.0,6.0,6.0,5.0,9.0,8.0,4.0,7.0
A99199917,5.0,5.0,6.0,6.0,6.0,6.0,6.0,5.0,9.0,8.0,4.0,7.0
A99949176,3.0,6.0,6.0,4.0,10.0,6.0,5.0,3.0,9.0,6.0,4.0,3.0
A99503277,5.0,6.0,7.0,6.0,8.0,2.0,7.0,6.0,5.0,4.0,3.0,4.0
A99963271,5.0,6.0,8.0,6.0,8.0,3.0,3.0,6.0,5.0,7.0,4.0,7.0
A99024616,3.0,4.0,4.0,5.0,7.0,6.0,7.0,6.0,9.0,10.0,4.0,7.0
A99420529,5.0,6.0,8.0,6.0,10.0,6.0,10.0,6.0,9.0,7.0,4.0,7.0
A99267806,5.0,5.0,6.0,6.0,10.0,6.0,10.0,6.0,5.0,8.0,4.0,4.0
A99587120,5.0,6.0,8.0,6.0,8.0,6.0,10.0,6.0,9.0,7.0,4.0,7.0
A99812905,2.0,6.0,8.0,2.0,10.0,4.0,4.0,4.0,1.0,7.0,4.0,6.0
A99717448,5.0,6.0,7.0,6.0,10.0,6.0,10.0,5.0,5.0,10.0,4.0,6.0
A99567827,5.0,5.0,5.0,6.0,10.0,6.0,7.0,6.0,6.0,10.0,4.0,7.0
A99033808,5.0,6.0,4.0,6.0,8.0,4.0,8.0,5.0,9.0,10.0,4.0,7.0
A99776300,5.0,6.0,8.0,5.0,10.0,6.0,9.0,6.0,8.0,5.0,3.0,7.0
A99554279,5.0,6.0,8.0,6.0,10.0,6.0,10.0,6.0,9.0,8.0,4.0,7.0
A99336438,4.0,3.0,8.0,2.0,3.0,2.0,4.0,4.0,9.0,10.0,4.0,3.0
A99392943,3.0,5.0,1.0,2.0,3.0,6.0,2.0,6.0,5.0,10.0,4.0,6.0
A99631742,3.0,3.0,8.0,4.0,9.0,5.0,5.0,3.0,8.0,10.0,3.0,4.0
A99670181,4.0,6.0,3.0,4.0,3.0,3.0,7.0,2.0,4.0,9.0,2.0,5.0
A99722705,5.0,6.0,8.0,6.0,10.0,6.0,10.0,6.0,9.0,10.0,4.0,7.0
A99542346,2.0,2.0,3.0,3.0,1.0,5.0,10.0,4.0,2.0,10.0,4.0,3.0
A99474493,4.0,6.0,7.0,5.0,10.0,6.0,5.0,3.0,9.0,7.0,4.0,4.0
A99800662,3.0,3.0,5.0,5.0,3.0,6.0,10.0,6.0,4.0,10.0,4.0,5.0
A99279088,5.0,6.0,8.0,6.0,10.0,6.0,10.0,6.0,9.0,10.0,4.0,7.0
A99374440,5.0,6.0,8.0,6.0,10.0,6.0,9.0,6.0,6.0,10.0,4.0,5.0
A99716620,5.0,6.0,4.0,6.0,9.0,6.0,7.0,6.0,9.0,6.0,4.0,6.0
A99714021,5.0,3.0,5.0,5.0,9.0,6.0,7.0,6.0,9.0,10.0,3.0,2.0
A99650853,5.0,6.0,8.0,6.0,8.0,6.0,8.0,6.0,9.0,7.0,4.0,7.0
A99995615,5.0,6.0,7.0,6.0,5.0,6.0,4.0,6.0,9.0,8.0,4.0,5.0
A99505828,,,,,,,,,,,,
A99213370,4.0,5.0,8.0,6.0,9.0,3.0,10.0,6.0,8.0,9.0,4.0,7.0
A99581496,3.0,3.0,5.0,5.0,3.0,6.0,10.0,6.0,3.0,10.0,4.0,4.0
A99142344,4.0,6.0,5.0,5.0,6.0,6.0,10.0,6.0,9.0,8.0,4.0,5.0
A99227120,5.0,2.0,6.0,4.0,2.0,2.0,10.0,6.0,9.0,10.0,3.0,3.0
A99569411,,,,,,,,,,,,
A99290566,5.0,6.0,5.0,6.0,6.0,6.0,10.0,5.0,3.0,5.0,4.0,6.0
A99266984,5.0,6.0,7.0,6.0,5.0,6.0,4.0,6.0,9.0,8.0,4.0,5.0
A99423992,5.0,6.0,4.0,6.0,9.0,5.0,10.0,4.0,7.0,5.0,4.0,6.0
A99703768,5.0,6.0,6.0,4.0,3.0,6.0,7.0,6.0,9.0,8.0,4.0,4.0
A99191889,2.0,5.0,7.0,5.0,10.0,6.0,5.0,4.0,5.0,8.0,2.0,3.0
A99161676,1.0,5.0,6.0,4.0,6.0,5.0,0.0,0.0,8.0,6.0,2.0,5.0
A99668653,5.0,6.0,8.0,6.0,10.0,3.0,9.0,6.0,3.0,9.0,2.0,5.0
A99100495,3.0,6.0,8.0,2.0,10.0,6.0,4.0,4.0,9.0,4.0,3.0,5.0
A99604870,1.0,6.0,7.0,6.0,10.0,6.0,7.0,4.0,8.0,3.0,4.0,7.0
A99591330,5.0,5.0,6.0,5.0,8.0,6.0,10.0,6.0,9.0,8.0,4.0,7.0
A99285068,5.0,1.0,6.0,4.0,1.0,1.0,9.0,6.0,9.0,9.0,2.0,2.0
A99985911,5.0,6.0,4.0,5.0,10.0,6.0,7.0,6.0,8.0,6.0,4.0,7.0
A99292519,5.0,6.0,4.0,4.0,6.0,5.0,9.0,2.0,9.0,7.0,2.0,0.0
A99323314,5.0,6.0,6.0,6.0,8.0,6.0,10.0,5.0,9.0,5.0,4.0,6.0
A99856997,5.0,6.0,4.0,5.0,9.0,6.0,8.0,6.0,9.0,4.0,4.0,7.0
A99625305,5.0,6.0,8.0,5.0,7.0,4.0,10.0,6.0,7.0,9.0,4.0,5.0
A99747684,5.0,6.0,8.0,6.0,10.0,6.0,7.0,6.0,7.0,10.0,4.0,5.0
A99919922,4.0,6.0,8.0,6.0,10.0,6.0,6.0,5.0,7.0,10.0,4.0,3.0
A99139693,2.0,5.0,8.0,2.0,10.0,6.0,4.0,4.0,9.0,4.0,3.0,4.0
A99260191,3.0,5.0,8.0,6.0,6.0,1.0,9.0,4.0,2.0,10.0,4.0,6.0
A99436409,3.0,6.0,8.0,5.0,10.0,6.0,8.0,4.0,3.0,10.0,3.0,7.0
A99926792,5.0,6.0,8.0,6.0,10.0,4.0,6.0,6.0,5.0,10.0,3.0,3.0
A99962240,5.0,6.0,8.0,6.0,10.0,5.0,8.0,6.0,6.0,10.0,4.0,4.0
A99787420,5.0,4.0,8.0,5.0,8.0,4.0,7.0,5.0,9.0,5.0,4.0,7.0
A99674390,3.0,5.0,4.0,6.0,10.0,4.0,5.0,6.0,9.0,9.0,4.0,7.0
A99699554,5.0,5.0,8.0,5.0,6.0,6.0,7.0,6.0,4.0,10.0,4.0,5.0
A99989846,5.0,5.0,6.0,6.0,3.0,6.0,10.0,6.0,6.0,9.0,4.0,7.0
A99918730,1.0,5.0,8.0,6.0,9.0,6.0,10.0,6.0,8.0,3.0,4.0,7.0
A99515080,2.0,6.0,6.0,4.0,10.0,5.0,4.0,2.0,9.0,5.0,3.0,2.0
A99917465,5.0,5.0,8.0,4.0,7.0,6.0,3.0,6.0,9.0,4.0,4.0,7.0
A99733996,4.0,4.0,6.0,6.0,4.0,6.0,10.0,6.0,5.0,10.0,4.0,5.0
A99005516,5.0,6.0,6.0,6.0,6.0,6.0,10.0,5.0,7.0,10.0,4.0,7.0
A99589063,4.0,6.0,8.0,4.0,6.0,3.0,9.0,5.0,6.0,8.0,4.0,4.0
A99973753,5.0,4.0,6.0,6.0,7.0,6.0,7.0,6.0,4.0,10.0,4.0,7.0
A99409352,5.0,4.0,5.0,6.0,10.0,5.0,10.0,6.0,3.0,7.0,4.0,3.0
A99765225,5.0,6.0,4.0,6.0,5.0,6.0,5.0,6.0,9.0,9.0,4.0,5.0
A99437369,5.0,6.0,4.0,6.0,8.0,4.0,10.0,4.0,3.0,10.0,4.0,7.0
A99601330,5.0,6.0,8.0,6.0,9.0,6.0,9.0,6.0,7.0,10.0,4.0,7.0
A99319569,5.0,3.0,5.0,4.0,10.0,6.0,5.0,6.0,8.0,10.0,4.0,7.0
A99745325,5.0,6.0,8.0,6.0,5.0,6.0,10.0,6.0,5.0,7.0,4.0,7.0
A99139365,4.0,5.0,3.0,6.0,3.0,5.0,10.0,6.0,8.0,10.0,4.0,6.0
A99220904,5.0,6.0,8.0,6.0,6.0,3.0,9.0,6.0,9.0,5.0,4.0,5.0
A99276731,5.0,6.0,8.0,6.0,6.0,6.0,4.0,6.0,9.0,10.0,4.0,7.0
A99744857,3.0,3.0,8.0,5.0,4.0,4.0,10.0,2.0,2.0,5.0,3.0,5.0
A99933171,5.0,6.0,8.0,6.0,8.0,6.0,10.0,6.0,6.0,9.0,4.0,7.0
A99571242,3.0,6.0,5.0,4.0,4.0,3.0,5.0,6.0,3.0,10.0,4.0,7.0
A99091618,5.0,5.0,8.0,6.0,3.0,5.0,10.0,6.0,1.0,3.0,1.0,7.0
A99044599,3.0,6.0,8.0,3.0,10.0,5.0,5.0,5.0,2.0,8.0,4.0,7.0
A99614172,5.0,6.0,3.0,6.0,7.0,5.0,6.0,5.0,8.0,8.0,4.0,6.0
A99164028,5.0,6.0,8.0,6.0,10.0,6.0,10.0,6.0,9.0,10.0,4.0,7.0
A99263647,5.0,6.0,8.0,6.0,10.0,6.0,10.0,6.0,9.0,10.0,4.0,7.0
A99058806,5.0,6.0,8.0,6.0,9.0,6.0,10.0,6.0,9.0,10.0,4.0,7.0
A99477753,5.0,2.0,8.0,6.0,10.0,3.0,10.0,3.0,9.0,10.0,4.0,7.0
A99840527,5.0,4.0,4.0,5.0,8.0,6.0,10.0,6.0,9.0,10.0,4.0,7.0
A99950620,3.0,4.0,5.0,5.0,6.0,6.0,7.0,6.0,6.0,6.0,4.0,5.0
A99123546,2.0,4.0,2.0,5.0,5.0,5.0,7.0,5.0,9.0,7.0,0.0,5.0
A99093358,5.0,6.0,6.0,6.0,10.0,6.0,10.0,6.0,9.0,9.0,4.0,7.0
A99661343,5.0,5.0,8.0,6.0,8.0,4.0,9.0,5.0,7.0,4.0,4.0,4.0
A99001164,4.0,6.0,6.0,1.0,10.0,5.0,8.0,2.0,3.0,1.0,1.0,5.0
A99448467,5.0,3.0,7.0,6.0,9.0,6.0,7.0,6.0,9.0,8.0,4.0,4.0
A99644077,5.0,6.0,8.0,6.0,10.0,5.0,5.0,6.0,6.0,8.0,4.0,7.0
A99873132,5.0,6.0,7.0,6.0,5.0,4.0,10.0,4.0,9.0,3.0,4.0,7.0
A99514650,3.0,6.0,8.0,5.0,4.0,5.0,10.0,2.0,6.0,10.0,2.0,5.0
A99322859,5.0,5.0,8.0,6.0,10.0,6.0,8.0,6.0,9.0,9.0,4.0,5.0
A99307531,5.0,6.0,6.0,6.0,8.0,6.0,10.0,5.0,9.0,4.0,4.0,7.0
A99856175,3.0,6.0,7.0,6.0,10.0,2.0,7.0,6.0,2.0,10.0,2.0,6.0
A99449376,5.0,6.0,8.0,6.0,10.0,6.0,9.0,6.0,8.0,10.0,4.0,5.0
A99339719,5.0,6.0,8.0,6.0,10.0,6.0,10.0,6.0,9.0,10.0,4.0,7.0
A99699336,5.0,6.0,6.0,6.0,9.0,6.0,10.0,3.0,9.0,10.0,3.0,3.0
A99550295,4.0,6.0,8.0,6.0,9.0,3.0,7.0,6.0,9.0,5.0,4.0,4.0
A99156002,5.0,6.0,8.0,6.0,10.0,6.0,9.0,5.0,8.0,10.0,4.0,7.0
A99221018,5.0,6.0,4.0,5.0,7.0,3.0,7.0,5.0,9.0,10.0,4.0,7.0
A99190272,5.0,6.0,8.0,6.0,9.0,6.0,5.0,6.0,9.0,10.0,4.0,6.0
A99330622,5.0,6.0,8.0,6.0,9.0,6.0,8.0,6.0,6.0,10.0,4.0,4.0
A99152694,3.0,3.0,5.0,6.0,7.0,5.0,9.0,6.0,7.0,10.0,3.0,7.0
A99174029,5.0,3.0,5.0,6.0,6.0,1.0,8.0,5.0,7.0,5.0,4.0,1.0
A99043621,5.0,6.0,8.0,6.0,10.0,6.0,10.0,6.0,9.0,10.0,4.0,7.0
